"position","player","dob","club","country"
"GK","Justin Bijlow","Jan 22, 1998","Feyenoord","Netherlands"
"GK","Remko Pasveer","Nov 8, 1983","Ajax","Netherlands"
"GK","Andries Noppert","Apr 7, 1994","Heerenveen","Netherlands"
"DF","Daley Blind","Mar 9, 1990","Ajax","Netherlands"
"DF","Stefan de Vrij","Feb 5, 1992","Inter","Netherlands"
"DF","Virgil van Dijk","Jul 8, 1991","Liverpool","Netherlands"
"DF","Matthijs de Ligt","Aug 12, 1999","Bayern Munich","Netherlands"
"DF","Denzel Dumfries","Apr 18, 1996","Inter","Netherlands"
"DF","Nathan Ake","Feb 18, 1995","Manchester City","Netherlands"
"DF","Jurrien Timber","Jun 17, 2001","Ajax","Netherlands"
"DF","Tyrell Malacia","Jun 17, 1999","Manchester United","Netherlands"
"DF","Jeremie Frimpong","Dec 10, 2000","Bayer Leverkusen","Netherlands"
"MF","Frenkie de Jong","May 12, 1997","Barcelona","Netherlands"
"MF","Steven Berghuis","Dec 19, 1991","Ajax","Netherlands"
"MF","Maarten de Roon","Mar 29, 1991","Atalanta","Netherlands"
"MF","Teun Koopmeiners","Feb 28, 1998","Atalanta","Netherlands"
"MF","Kenneth Taylor","May 16, 2002","Ajax","Netherlands"
"MF","Xavi Simons","Apr 21, 2003","PSV","Netherlands"
"MF","Davy Klaassen","February 21, 1993","Ajax","Netherlands"
"FW","Memphis Depay","Feb 13, 1994","Barcelona","Netherlands"
"FW","Luuk de Jong","Aug 27, 1990","PSV","Netherlands"
"FW","Steven Bergwijn","Oct 8, 1997","Ajax","Netherlands"
"FW","Vincent Janssen","Jun 15, 1994","Antwerp","Netherlands"
"FW","Wout Weghorst","Aug 7, 1992","Besiktas","Netherlands"
"FW","Cody Gakpo","May 7, 1999","PSV","Netherlands"
"FW","Noa Lang","Jun 17, 1999","Club Brugge","Netherlands"
"GK","Saad Al Sheeb","Feb 19, 1990","Al-Sadd","Qatar"
"GK","Meshaal Barsham","Feb 14, 1998","Al-Sadd","Qatar"
"GK","Yousef Hassan","May 24, 1996","Al-Gharafa","Qatar"
"DF","Abdelkarim Hassan","Aug 28, 1993","Al-Sadd","Qatar"
"DF","Boualem Khoukhi","Sep 7, 1990","Al-Sadd","Qatar"
"DF","Ro-Ro","Aug 6, 1990","Al-Sadd","Qatar"
"DF","Tarek Salman","Dec 5, 1997","Al-Sadd","Qatar"
"DF","Bassam Al-Rawi","Dec 16, 1997","Al-Duhail","Qatar"
"DF","Musab Kheder","Sep 26, 1993","Al-Sadd","Qatar"
"DF","Homam Ahmed","Aug 25, 1999","Al-Gharafa","Qatar"
"DF","Jassem Gaber","Feb 20, 2002","Al-Arabi","Qatar"
"MF","Karim Boudiaf","Sep 16, 1990","Al-Duhail","Qatar"
"MF","Salem Al-Hajri","Apr 10, 1996",NA,"Qatar"
"MF","Abdulaziz Hatem","Oct 28, 1990","Al-Rayyan","Qatar"
"MF","Ali Assadalla","Jan 19, 1993","Al-Sadd","Qatar"
"MF","Mohammed Waad","Sep 18, 1999","Al-Sadd","Qatar"
"MF","Ahmed Fadhel","Apr 7, 1993","Al-Wakrah","Qatar"
"MF","Mustafa Tarek","Mar 28, 2001","Al-Sadd","Qatar"
"FW","Hassan Al-Haydos","Dec 11, 1990","Al-Sadd","Qatar"
"FW","Akram Afif","Nov 18, 1996","Al-Sadd","Qatar"
"FW","Almoez Ali","Aug 19, 1996","Al-Duhail","Qatar"
"FW","Ismaeel Mohammada","Apr 5, 1990","Al-Duhail","Qatar"
"FW","Mohammed Muntari","Dec 20, 1993","Al-Duhail","Qatar"
"FW","Ahmed Alaaeldin","Jan 31, 1993","Al-Gharafa","Qatar"
"FW","Khalid Muneer","Feb 24, 1998","Al-Wakrah","Qatar"
"FW","Naif Al-Hadhrami","Jul 18, 2001","Al-Rayyan","Qatar"
"GK","Hernan Galindez","March 30, 1987","Aucas","Ecuador"
"GK","Moises Ramirez","September 9, 2000","Independiente del Valle","Ecuador"
"GK","Alexander Dominguez","June 5, 1987","LDU Quito","Ecuador"
"DF","Felix Torres","January 11, 1997","Santos Laguna","Ecuador"
"DF","Piero Hincapie","January 9, 2002","Bayer Leverkusen","Ecuador"
"DF","Robert Arboleda","October 22, 1991","Sao Paulo","Ecuador"
"DF","William Pacho","October 16, 2001","Antwerp","Ecuador"
"DF","Pervis Estupinan","January 21, 1998","Brighton","Ecuador"
"DF","Xavier Arreaga","September 28, 1994","Seattle Sounders FC","Ecuador"
"DF","Angelo Preciado","February 18 1998","Genk","Ecuador"
"DF","Diego Palacios","July 12, 1999","Los Angeles FC","Ecuador"
"DF","Jackson Porozo","August 4, 2000","Troyes","Ecuador"
"MF","Jose Cifuentes","March 12, 1999","Los Angeles FC","Ecuador"
"MF","Carlos Gruezo","April 19, 1995","FC Augsburg","Ecuador"
"MF","Angel Mena","January 21, 1988","Leon","Ecuador"
"MF","Jeremy Sarmiento","June 16, 2002","Brighton","Ecuador"
"MF","Gonzalo Plata","November 1, 2000","Real Valladolid","Ecuador"
"MF","Jhegson Mendez","April 26, 1997","Los Angeles FC","Ecuador"
"MF","Alan Franco","August 21, 1998","Talleres","Ecuador"
"MF","Moises Caicedo","November 2, 2001","Brighton","Ecuador"
"MF","Kevin Rodriguez","March 4, 2000","Imbabura","Ecuador"
"FW","Ayrton Preciado","July 17, 1994","Santos Laguna","Ecuador"
"FW","Romario Ibarra","September 24, 1994","Pachuca","Ecuador"
"FW","Michael Estrada","April 7, 1996","Cruz Azul","Ecuador"
"FW","Enner Valencia","November 4, 1989","Fenerbahce","Ecuador"
"FW","Djorkaeff Reasco","January 18, 1999","Newell's Old Boys","Ecuador"
"GK","Edouard Mendy","March 1, 1992","Chelsea","Senegal"
"GK","Alfred Gomis","September 5, 1993","Rennes","Senegal"
"GK","Seny Dieng","November 23, 1994","QPR","Senegal"
"DF","Formose Mendy","January 2, 2001","Amiens","Senegal"
"DF","Kalidou Koulibaly","June 20, 1991","Chelsea","Senegal"
"DF","Papa Abou Cisse","September 14, 1995","Olympiacos","Senegal"
"DF","Abdou Diallo","May 4, 1996","RB Leipzig","Senegal"
"DF","Fode Ballo-Toure","January 3, 1997","AC Milan","Senegal"
"DF","Ismail Jakobs","August 17, 1999","AS Monaco","Senegal"
"DF","Youssouf Sabaly","March 5, 1993","Real Betis","Senegal"
"DF","Moussa Ndiaye","June 18, 2002","Anderlecht","Senegal"
"MF","Papa Gueye","January 24, 1999","Marseille","Senegal"
"MF","Pape Matar Sarr","September 14, 2002","Tottenham Hotspur","Senegal"
"MF","Idrissa Gueye","September 26, 1989","Everton","Senegal"
"MF","Nampalys Mendy","June 23, 1992","Leicester City","Senegal"
"MF","Cheikhou Kouyate","December 21, 1989","Nottingham Forest","Senegal"
"MF","Pathe Ciss","March 16, 1994","Rayo Vallecano","Senegal"
"MF","Moustapha Name","May 5, 1995","Monaco","Senegal"
"MF","Loum Ndiaye","December 30, 1996","Pafos","Senegal"
"FW","Boulaye Dia","November 16, 1996","Salernitana","Senegal"
"FW","Ismalia Sarr","February 25, 1998","Watford","Senegal"
"FW","Bamba Dieng","March 23, 2000","Marseille","Senegal"
"FW","Iliman Ndiaye","March 6, 2000","Sheffield United","Senegal"
"FW","Nicolas Jackson","June 20, 2001","Villarreal","Senegal"
"FW","Famara Diedhiou","December 15, 1992","Alanyaspor","Senegal"
"GK","Jordan Pickford","Mar 7, 1994","Everton","England"
"GK","Nick Pope","Apr 19, 1992","Newcastle United","England"
"GK","Aaron Ramsdale","May 14, 1998","Arsenal","England"
"DF","Trent Alexander-Arnold","Oct 7, 1998","Liverpool","England"
"DF","Conor Coady","Feb 25, 1993","Everton","England"
"DF","Eric Dier","Jan 15, 1994","Tottenham","England"
"DF","Harry Maguire","Mar 5, 1993","Manchester United","England"
"DF","Luke Shaw","Jul 12, 1995","Manchester United","England"
"DF","John Stones","May 28, 1994","Manchester City","England"
"DF","Kieran Trippier","Sep 19, 1990","Newcastle United","England"
"DF","Kyle Walker","May 28, 1990","Manchester City","England"
"DF","Ben White","Oct 8, 1997","Arsenal","England"
"MF","Jude Bellingham","Jun 29, 2003","Borussia Dortmund","England"
"MF","Conor Gallagher","Feb 6, 2000","Chelsea","England"
"MF","Jordan Henderson","Jun 17, 1990","Liverpool","England"
"MF","Mason Mount","Jan 10, 1999","Chelsea","England"
"MF","Kalvin Phillips","Dec 2, 1995","Manchester City","England"
"MF","Declan Rice","Jan 14, 1999","West Ham United","England"
"MF","Phil Foden","May 28, 2000","Manchester City","England"
"MF","Jack Grealish","Sep 10, 1995","Manchester City","England"
"FW","Harry Kane","Jul 28, 1993","Tottenham","England"
"FW","James Maddison","Nov 13, 1996","Leicester City","England"
"FW","Marcus Rashford","Oct 31, 1997","Manchester United","England"
"FW","Bukayo Saka","Sep 5, 2001","Arsenal","England"
"FW","Raheem Sterling","Dec 8, 1994","Chelsea","England"
"FW","Callum Wilson","Feb 27, 1992","Newcastle United","England"
"GK","Alireza Beiranvand","Sep 12, 1992","Persepolis","Iran"
"GK","Amir Absedzadeh","Apr 26, 1993","Ponferradina","Iran"
"GK","Hossein Hosseini","May 30, 1992","Esteghlal","Iran"
"GK","Payam Niazmand","Apr 6, 1995","Sepahann","Iran"
"DF","Ehsan Hajsafi","Feb 25, 1990","AEK Athens","Iran"
"DF","Hossein Kanaani","Mar 23, 1994","Al Ahli","Iran"
"DF","Morteza Pouraliganji","Apr 19, 1992","Persepolis","Iran"
"DF","Ramin Rezaelan","Mar 21, 1990","Sepahan","Iran"
"DF","Milad Mohammadi","Sep 29, 1993","AEK Athens","Iran"
"DF","Shojae Khalilzadeh","May 31, 1989","Al-Ahli","Iran"
"DF","Sadegh Moharrami","Mar 24, 1996","Dinamo Zagreb","Iran"
"DF","Majid Hosseini","Jun 20, 1996","Kayserispor","Iran"
"DF","Abolfazi Jalali","Jun 26, 1998","Esteghlal","Iran"
"MF","Vahid Amiri","Apr 2, 1988","Persepolis","Iran"
"MF","Alireza Jahanbakhsh","Aug 11, 1993","Feyenoord","Iran"
"MF","Saeid Ezatolahi","Oct 1, 1996","Vejle","Iran"
"MF","Mehdi Torabi","Sep 10, 1994","Persepolis","Iran"
"MF","Rouzbeh Cheshmi","Jun 24, 1993","Esteghlal","Iran"
"MF","Saman Ghoddos","Sep 6, 1993","Brentford","Iran"
"MF","Ali Gholizadeh","Mar 10, 1996","Charleroi","Iran"
"MF","Ahmad Nourollahi","Jan 2, 1993","Shabab Al-Ahli","Iran"
"MF","Ali Karimi","Feb 11, 1994","Kayserispor","Iran"
"FW","Karim Ansarifard","Apr 3, 1990","Omonia","Iran"
"FW","Sardar Azmoun","Jan 1, 1995","Bayer Leverkusen","Iran"
"FW","Mehdi Taremi","Jul 18, 1992","Porto","Iran"
"GK","Ethan Horvath","Jun 9, 1995","Luton Town","USMNT"
"GK","Sean Johnson","May 31, 1989","New York City FC","USMNT"
"GK","Matt Turner","Jun 24, 1994","Arsenal","USMNT"
"DF","Cameron Carter-Vickers","Dec 31, 1997","Celtic","USMNT"
"DF","Sergiño Dest","Nov 3, 2000","AC Milan","USMNT"
"DF","Aaron Long","Oct 12, 2000","New York Red Bills","USMNT"
"DF","Shaq Moore","Nov 2, 1996","Nashville SC","USMNT"
"DF","Tim Ream","Oct 5, 1987","Fulham","USMNT"
"DF","Antonee Robinson","Aug 8, 1997","Fulham","USMNT"
"DF","Joe Scally","Dec 31, 2002","Borussia Mönchengladbach","USMNT"
"DF","DeAndre Yedlin","Jul 9, 1993","Inter Miami","USMNT"
"DF","Walker Zimmerman","May 19, 1993","Nashville SC","USMNT"
"MF","Brenden Aaronson","Oct 22, 2000","Leeds United","USMNT"
"MF","Kellyn Acosta","Jul 24, 1995","Los Angeles FC","USMNT"
"MF","Tyler Adams","Feb 14, 1999","Leeds United","USMNT"
"MF","Luca de la Torre","May 23, 1998","Celta Vigo","USMNT"
"MF","Weston McKennie","Aug 28, 1998","Juventus","USMNT"
"MF","Yunus Musah","Nov 29, 2002","Valencia","USMNT"
"MF","Cristian Roldan","Jun 3, 1995","Seattle Sounders","USMNT"
"FW","Jesús Ferreira","Dec 24, 2000","Tulsa Roughnecks","USMNT"
"FW","Jordan Morris","Oct 26, 1994","Swansea City","USMNT"
"FW","Christian Pulisic","Sept 18, 1998","Chelsea","USMNT"
"FW","Gio Reyna","Nov 13, 2002","Borussia Dortmund","USMNT"
"FW","Josh Sargent","Feb 20, 2000","Norwich City","USMNT"
"FW","Tim Weah","Feb 22, 2000","Lille","USMNT"
"FW","Haji Wright","Mar 27, 1998","Antalyaspor","USMNT"
"GK","Wayne Hennessey","Jan 24, 1987","Nottingham Forest","Wales"
"GK","Danny Ward","Jun 22, 1993","Leicester City","Wales"
"GK","Adam Davies","Jul 17, 1992","Sheffield United","Wales"
"DF","Ben Davies","April 24, 1993","Tottenham","Wales"
"DF","Ben Cabango","May 30, 2000","Swansea City","Wales"
"DF","Tom Lockyer","Dec 3, 1994","Luton Town","Wales"
"DF","Joe Rodon","Oct 22, 1997","Rennes","Wales"
"DF","Chris Mepham","Nov 5, 1997","Bournemouth","Wales"
"DF","Ethan Ampadu","Sept 14, 2000","Spezia","Wales"
"DF","Chris Gunter","July 21, 1989","AFC Wimbledon","Wales"
"DF","Neco Williams","April 13, 2001","Nottingham Forest","Wales"
"DF","Connor Roberts","Sept 23, 1995","Burnley","Wales"
"MF","Sorba Thomas","Jan 25, 1999","Huddersfield Town","Wales"
"MF","Joe Allen","Mar 14, 2000","Swansea City","Wales"
"MF","Matthew Smith","Nov 22, 1999","MK Dons","Wales"
"MF","Dylan Levitt","Nov 17, 2000","Dundee United","Wales"
"MF","Harry Wilson","Mar 22, 1997","Fulham","Wales"
"MF","Joe Morrell","Jan 3, 1997","Portsmouth","Wales"
"MF","Jonny Williams","Oct 9, 1993","Swindon Town","Wales"
"MF","Aaron Ramsey","Dec 26, 1990","Nice","Wales"
"FW","Rubin Colwill","Apr 27, 2000","Cardiff City","Wales"
"FW","Gareth Bale","Jul 16, 1989","Los Angeles FC","Wales"
"FW","Kieffer Moore","Aug 8, 1992","Bournemouth","Wales"
"FW","Mark Harris","Dec 29, 1998","Cardiff City","Wales"
"FW","Brennan Johnson","May 23, 2001","Nottingham Forest","Wales"
"FW","Dan James","Nov 10, 1997","Fulham","Wales"
"GK","Emiliano Martinez","Sep 2, 1992","Aston Villa","Argentina"
"GK","Franco Armani","Oct 16, 1986","River","Argentina"
"GK","Geronimo Rulli","May 20, 1992","Villarreal","Argentina"
"DF","Nicolas Otamendi","Feb 12, 1988","Benfica","Argentina"
"DF","Marcos Acuna","Oct 28, 1991","Sevilla","Argentina"
"DF","Nicolas Tagliafico","Aug 31, 1992","Lyon","Argentina"
"DF","German Pezzella","Jun 27, 1991","Real Betis","Argentina"
"DF","Nahuel Molina","Apr 6, 1998","Atletico Madrid","Argentina"
"DF","Gonzalo Montiel","Jan 1, 1997","Sevilla","Argentina"
"DF","Juan Foyth","Jan 12, 1998","Villarreal","Argentina"
"DF","Cristian Romero","Apr 27, 1998","Tottenham","Argentina"
"DF","Lisandro Martinez","Jan 18, 1998","Manchester United","Argentina"
"MF","Leandro Paredes","Jun 29, 1994","Juventus","Argentina"
"MF","Rodrigo De Paul","May 24, 1994","Atletico Madrid","Argentina"
"MF","Guido Rodriguez","Apr 12, 1994","Real Betis","Argentina"
"MF","Exequiel Palacios","Oct 5, 1998","Bayer Leverkusen","Argentina"
"MF","Alexis Mac Allister","Dec 24, 1998","Brighton","Argentina"
"MF","Enzo Fernandez","Jan 17, 2001","Benfica","Argentina"
"MF","Alejandro Gomez","Apr 26, 2001","Atlanta United","Argentina"
"FW","Lionel Messi","Jun 24, 1987","PSG","Argentina"
"FW","Lautaro Martinez","Aug 22, 1997","Inter","Argentina"
"FW","Paulo Dybala","Nov 15, 1993","Roma","Argentina"
"FW","Thiago Almada","April 26, 2001","Inter","Argentina"
"FW","Julian Alvarez","Jan 31, 2000","Manchester City","Argentina"
"FW","Angel Di Maria","Feb 14, 1988","Juventus","Argentina"
"FW","Angel Correa","March 9, 1995","Atletico Madrid","Argentina"
"GK","Mohammed Al-Owais","Oct 10, 1991","Al-Hilal","Saudi Arabia"
"GK","Mohammed Al Rubaie","Aug 14, 1997","Al-Ahli","Saudi Arabia"
"GK","Nawaf Al-Aqidi","May 10, 2000","Al-Nassr","Saudi Arabia"
"DF","Yasser Al-Shahrani","May 25, 1992","Al-Hilal","Saudi Arabia"
"DF","Mohammed Al-Breik","Sep 15, 1992","Al-Hilal","Saudi Arabia"
"DF","Ali Al-Bulaihi","Nov 21, 1989","Al-Hilal","Saudi Arabia"
"DF","Sultan Al-Ghanam","May 6, 1994","Al-Nassr","Saudi Arabia"
"DF","Saud Abdulhamid","Jul 18, 1999","Al-Hilal","Saudi Arabia"
"DF","Abdulelah Al-Amri","Jan 15, 1997","Al-Nassr","Saudi Arabia"
"DF","Hassan Tambakti","Feb 9, 1999","Al-Shabab","Saudi Arabia"
"DF","Abdullah Madu","Jul 15, 1993","Al-Nassr","Saudi Arabia"
"MF","Nawaf al-Abed","Jan 26, 1990","Al-Shabab","Saudi Arabia"
"MF","Salman Al-Faraj","Aug 1, 1989","Al-Hilal","Saudi Arabia"
"MF","Salem Al-Dawsari","Aug 19, 1991","Al-Hilal","Saudi Arabia"
"MF","Nawaf Al-Abed","Jan 26, 1990","Al-Shabab","Saudi Arabia"
"MF","Abdullah Otayf","Aug 3, 1992","Al-Hilal","Saudi Arabia"
"MF","Mohamed Kanno","Sep 22, 1994","Al-Hilal","Saudi Arabia"
"MF","Abdulellah Al-Malki","Oct 11, 1994","Al-Hilal","Saudi Arabia"
"MF","Sami Al-Najei","Feb 7, 1997","Al-Nassr","Saudi Arabia"
"MF","Ali Al-Hassan","Mar 4, 1997","Al-Nassr","Saudi Arabia"
"MF","Nasser Al-Dawsari","Dec 19, 1998","Al-Hilal","Saudi Arabia"
"MF","Abdulrahman Al-Aboud","Jun 1, 1995","Al-Ittihad","Saudi Arabia"
"MF","Riyadh Sharahili","Apr 28, 1993","Abha","Saudi Arabia"
"FW","Firas Al-Buraikan","May 14, 2000","Al-Fateh","Saudi Arabia"
"FW","Saleh Al-Shehri","Nov 1, 1993","Al-Hilal","Saudi Arabia"
"FW","Haitham Asiri","Mar 25, 2001","Al-Ahli","Saudi Arabia"
"GK","Guillermo Ochoa","Jul 13, 1985","America","Mexico"
"GK","Alfredo Talavera","Sep 18, 1982","Juarez","Mexico"
"GK","Rodolfo Cota","Jul 3, 1987","Leon","Mexico"
"DF","Hector Moreno","Jan 17, 1988","Monterrey","Mexico"
"DF","Jesus Gallardo","Aug 15, 1994","Monterrey","Mexico"
"DF","Nestor Araujo","Aug 29, 1991","America","Mexico"
"DF","Cesar Montes","Feb 24, 1997","Monterrey","Mexico"
"DF","Jorge Sanchez","Dec 10, 1997","Ajax","Mexico"
"DF","Gerardo Arteaga","Sep 7, 1998","Genk","Mexico"
"DF","Kevin Alvarez","Jan 15, 1999","Pachuca","Mexico"
"DF","Johan Vasquez","Oct 22, 1998","Cremonese","Mexico"
"MF","Andres Guardado","Sep 28, 1986","Real Betis","Mexico"
"MF","Hector Herrera","Apr 19, 1990","Houston Dynamo","Mexico"
"MF","Edson Alvarez","Oct 24, 1997","Ajax","Mexico"
"MF","Orbelin Pineda","Mar 24, 1996","AEK Athens","Mexico"
"MF","Uriel Antuna","Aug 21, 1997","Cruz Azul","Mexico"
"MF","Erick Gutierrez","Jun 15, 1995","PSV","Mexico"
"MF","Carlos Rodriguez","Jan 3, 1997","Cruz Azul","Mexico"
"MF","Roberto Alvarado","Sep 7, 1998","Guadalajara","Mexico"
"MF","Luis Romo","Jun 5, 1995","Monterrey","Mexico"
"MF","Alexis Vega","Nov 25, 1997","Guadalajara","Mexico"
"MF","Luis Chavez","Jan 15, 1996","Pachuca","Mexico"
"FW","Raul Jimenez","May 5, 1991","Wolves","Mexico"
"FW","Hirving Lozano","Jul 30, 1995","Napoli","Mexico"
"FW","Henry Martin","Nov 18, 1992","America","Mexico"
"FW","Rogelio Funes Mori","Mar 5, 1991","Monterrey","Mexico"
"GK","Wojciech Szczesny","April 15, 1990","Juventus","Poland"
"GK","Kamil Grabara","January 8, 1999","FC Copenhagen","Poland"
"GK","Lukasz Skorupski","May 5, 1991","Bologna","Poland"
"DF","Jan Bednarek","April 12, 1996","Aston Villa","Poland"
"DF","Kamil Glik","February 3, 1988","Benevento","Poland"
"DF","Robert Gumny","June 4, 1998","Augsburg","Poland"
"DF","Artur Jedrzejczyk","November 4, 1987","Legia Warsaw","Poland"
"DF","Jakub Kiwior","February 15, 2000","Spezia","Poland"
"DF","Mateusz Wieteska","February 11, 1997","Clermont","Poland"
"DF","Bartosz Bereszynski","July 12, 1992","Sampdoria","Poland"
"DF","Matty Cash","August 7, 1997","Aston Villa","Poland"
"DF","Nicola Zalewski","January 23, 2002","Roma","Poland"
"MF","Krystian Bielik","January 4, 1998","Birmingham City","Poland"
"MF","Przemyslaw Frankowski","April 12, 1995","Lens","Poland"
"MF","Kamil Grosicki","June 8, 1988","Pogon Szczecin","Poland"
"MF","Grzegorz Krychowiak","January 29, 1990","Al-Shabab","Poland"
"MF","Jakub Kaminski","June 5, 2002","Wolfsburg","Poland"
"MF","Michal Skoras","February 15, 2000","Lech Poznan","Poland"
"MF","Damian Szymanski","June 16, 1995","AEK Athens","Poland"
"MF","Sebastian Szymanski","May 10, 1999","Feyenoord","Poland"
"MF","Piotr Zielinski","May 20, 1994","Napoli","Poland"
"MF","Szymon Zurkowski","September 25, 1997","Fiorentina","Poland"
"FW","Robert Lewandowski","August 21, 1988","Barcelona","Poland"
"FW","Arkadiusz Milik","February 28, 1994","Juventus","Poland"
"FW","Krzysztof Piatek","July 1, 1995","Salernitana","Poland"
"FW","Karol Swiderski","January 23, 1997","Charlotte FC","Poland"
"GK","Hugo Lloris","Dec 26, 1986","Tottenham","France"
"GK","Alphonse Areola","Feb 27, 1993","West Ham United","France"
"GK","Steve Mandanda","Mar 28, 1985","Rennes","France"
"DF","Benjamin Pavard","Mar 28, 1996","Bayern Munich","France"
"DF","Jules Kounde","Nov 12, 1998","Barcelona","France"
"DF","Raphael Varane","Apr 25, 1993","Man Utd","France"
"DF","Axel Disasi","Mar 11, 1998","PSG","France"
"DF","William Saliba","Mar 24, 2001","Arsenal","France"
"DF","Theo Hernandez","Oct 6, 1994","AC Milan","France"
"DF","Ibrahima Konate","May 25, 1999","Liverpool","France"
"DF","Dayot Upamecano","Oct 27, 1998","Bayern Munich","France"
"MF","Adrien Rabiot","Apr 3, 1995","Juventus","France"
"MF","Aurelien Tchouaméni","Jan 27, 2000","Real Madrid","France"
"MF","Youssouf Fofana","Jan 10, 1999","Monaco","France"
"MF","Matteo Guendouzi","Apr 14, 1999","Marseille","France"
"MF","Jordan Veretout","Mar 1, 1999","Marseille","France"
"MF","Eduardo Camavinga","Nov 10, 2002","Real Madrid","France"
"FW","Kingsley Coman","Jun 13, 1996","Bayern Munich","France"
"FW","Kylian Mbappe","Dec 20, 1998","PSG","France"
"FW","Olivier Giroud","Sept 30, 1986","AC Milan","France"
"FW","Antoine Griezmann","Mar 21, 1991","Atletico Madrid","France"
"FW","Ousmane Dembele","May 15, 1997","Barcelona","France"
"FW","Randal Kolo Muani","Dec 5, 1998","Eintracht Frankfurt","France"
"FW","Marcus Thuram","Aug 6, 1997","Borussia Monchengladbach","France"
"GK","Mat Ryan","Apr 8, 1992","Copenhagen","Australia"
"GK","Danny Vukovic","Mar 27, 1985","Central Coast Mariners","Australia"
"GK","Andrew Redmayne","Jan 13, 1989","Sydney","Australia"
"DF","Aziz Behic","Oct 16, 1990","Dundee United","Australia"
"DF","Milos Degenek","Apr 28, 1994","Columbus Crew","Australia"
"DF","Bailey Wright","July 28, 1992","Sunderland","Australia"
"DF","Fran Karcic","May 12, 1996","Brescia","Australia"
"DF","Harry Souttar","Oct 22, 1998","Stoke City","Australia"
"DF","Nathaniel Atkinson","Jun 13, 1999","Hearts","Australia"
"DF","Joel King","Oct 30, 2000","OB","Australia"
"DF","Kye Rowles","Jun 24, 1998","Hearts","Australia"
"DF","Thomas Deng","Mar 20, 1997","Albirex Niigata","Australia"
"MF","Aaron Mooy","Sep 15, 1990","Celtic","Australia"
"MF","Jackson Irvine","Mar 7, 1993","St Pauli","Australia"
"MF","Ajdin Hrustic","Jul 5, 1996","Hellas Verona","Australia"
"MF","Riley McGree","Nov 2, 1998","Middlesbrough","Australia"
"MF","Keanu Baccus","Jun 7, 1998","St Mirren","Australia"
"MF","Cameron Devlin","Jun 7, 1998","Hearts","Australia"
"FW","Mathew Leckie","Feb 4, 1991","Melbourne City","Australia"
"FW","Awer Mabil","Sep 15, 1995","Cadiz","Australia"
"FW","Jamie Maclaren","Jul 29, 1993","Melbourne City","Australia"
"FW","Mitchell Duke","Jan 18, 1991","Fagiano Okayama","Australia"
"FW","Martin Boyle","Apr 25, 1993","Hibernian","Australia"
"FW","Craig Goodwin","Dec 16, 1991","Adelaide United","Australia"
"FW","Jason Cummings","Aug 1, 1995","Central Coast Mariners","Australia"
"FW","Garang Kuol","Sep 15, 2004","Central Coast Mariners","Australia"
"GK","Kasper Schmeichel","Nov 5, 1986","Nice","Denmark"
"GK","Oliver Christensen","Mar 22, 1999","Hertha Berlin","Denmark"
"GK","Frederik Ronnow","Aug 4, 1992","Union Berlin","Denmark"
"DF","Simon Kjaer","Mar 26, 1989","AC Milan","Denmark"
"DF","Andreas Christensen","Apr 10, 1996","Barcelona","Denmark"
"DF","Jens Stryger Larsen","Feb 21, 1991","Trabzonspor","Denmark"
"DF","Daniel Wass","May 31, 1989","Brondby","Denmark"
"DF","Joakim Maehle","May 20, 1997","Atalanta","Denmark"
"DF","Joachim Andersen","May 31, 1996","Crystal Palace","Denmark"
"DF","Rasmus Kristensen","Jul 11, 1997","Leeds United","Denmark"
"DF","Victor Nelsson","Oct 14, 1998","Galatasaray","Denmark"
"DF","Alexander Bah","Dec 9, 1997","Benfica","Denmark"
"MF","Christian Eriksen","Feb 14, 1992","Manchester United","Denmark"
"MF","Christian Norgaard","Mar 10, 1994","Brentford","Denmark"
"MF","Pierre-Emile Hojbjerg","Aug 5, 1995","Tottenham","Denmark"
"MF","Mathias Jensen","Jan 1, 1996","Brentford","Denmark"
"FW","Martin Braithwaite","Jun 5, 1991","Espanyol","Denmark"
"FW","Andreas Cornelius","Mar 16, 1993","Copenhagen","Denmark"
"FW","Kasper Dolberg","Oct 6, 1997","Sevilla","Denmark"
"FW","Andreas Skov Olsen","Dec 29, 1999","Club Brugge","Denmark"
"FW","Mikkel Damsgaard","Jul 3, 2000","Brentford","Denmark"
"FW","Jonas Wind","Feb 7, 1999","Wolfsburg","Denmark"
"FW","Jesper Lindstrom","Feb 29, 2000","Eintracht Frankfurt","Denmark"
"FW","Yussuf Yurary Poulsen","Jun 15, 1994","RB Leipzig","Denmark"
"GK","Aymen Dahmen","Jan 27, 1997","CS Sfaxien","Tunisia"
"GK","Mouez Hassen","Mar 5, 1995","Club Africain","Tunisia"
"GK","Balbouli","Sep 14, 1984","Etoile du Sahel","Tunisia"
"GK","Bechir Ben Saïd","Nov 29, 1994","

US Monastir","Tunisia"
"DF","Mohamed Drager","Jun 25, 1996","Luzern","Tunisia"
"DF","Wajdi Kechrida","Nov 5, 1995","Atromitos","Tunisia"
"DF","Bilel Ifa","Mar 9, 1990","Kuwait SC","Tunisia"
"DF","Montassar Talbi","May 26, 1998","Lorient","Tunisia"
"DF","Dylan Bronn","Jun 19, 1995","Salernitana","Tunisia"
"DF","Yassine Meriah","Jul 2, 1993","Esperalace","Tunisia"
"DF","Nader Ghandri","Feb 18, 1995","Club Africain","Tunisia"
"DF","Ali Maaloul","Jan 1, 1990","Al Ahly","Tunisia"
"DF","Ali Abdi","Dec 20, 1993","Caen","Tunisia"
"MF","Ellyes Skhiri","May 10, 1995","FC Koln","Tunisia"
"MF","Aissa Laidouni","Dec 13, 1996","Ferencvaros","Tunisia"
"MF","Ferjani Sassi","Mar 18, 1992","Al-Duhail","Tunisia"
"MF","Ghailene Chaalali","Feb 28, 1994","Esperance de Tunis","Tunisia"
"MF","Hannibal Mejbri","Jan 21, 2003","Manchester United","Tunisia"
"MF","Mohamed Ali Ben Romdhane","Sep 6, 1999","Esperance de Tunis","Tunisia"
"FW","Seifeddine Jaziri","Feb 12, 1993","Zamalek","Tunisia"
"FW","Naim Sliti","Jul 27, 1992","Al-Ettifaq","Tunisia"
"FW","Taha Yassine Khenissi","Jan 6, 1992","Kuwait SC","Tunisia"
"FW","Anis Ben Slimane","Mar 16, 2001","Brondby","Tunisia"
"FW","Issam Jebali","Dec 25, 1991","OB","Tunisia"
"FW","Wahbi Khazri","Feb 8, 1991","Montpellier","Tunisia"
"FW","Youssef Msakni","Oct 28, 1990","Al-Duhail","Tunisia"
"GK","Robert Sanchez","November 18, 1997","Brighton","Spain"
"GK","David Raya","September 15, 1995","Brentford","Spain"
"GK","Unai Simon","June 11, 1997","Athletic Club","Spain"
"DF","Cesar Azpilicueta","August 28, 1989","Chelsea","Spain"
"DF","Hugo Guillamon","January 31, 2000","Valencia","Spain"
"DF","Pau Torrres","January 17, 1997","Villarreal","Spain"
"DF","Eric Garcia","January 9, 2001","Barcelona","Spain"
"DF","Alejandro Balde","October 18, 2003","Barcelona","Spain"
"DF","Dani Carvajal","January 11, 1992","Real Madrid","Spain"
"DF","Aymeric Laporte","May 27, 1994","Manchester City","Spain"
"MF","Sergio Busquets","July 16, 1988","Barcelona","Spain"
"MF","Marcos Llorente","January 30, 1995","Atletico Madrid","Spain"
"MF","Pedri","November 25, 2002","Barcelona","Spain"
"MF","Rodri","June 22, 1996","Manchester City","Spain"
"MF","Koke","January 8, 1992","Atletico Madrid","Spain"
"MF","Gavi","August 5, 2004","Barcelona","Spain"
"MF","Carlos Soler","January 2, 1997","PSG","Spain"
"FW","Alvaro Morata","October 23, 1992","Atletico Madrid","Spain"
"FW","Yeremy Pino","October 20, 2002","Villarreal","Spain"
"FW","Ferran Torres","February 29, 2000","Barcelona","Spain"
"FW","Marco Asensio","January 21, 1996","Real Madrid","Spain"
"FW","Pablo Sarabia","May 11, 1992","PSG","Spain"
"FW","Dani Olmo","May 7, 1998","RB Leipzig","Spain"
"FW","Nico Williams","July 12, 2002","Athletic Club","Spain"
"FW","Ansu Fati","October 31, 2002","Barcelona","Spain"
"GK","Keylor Navas","Dec 15, 1986","PSG","Costa Rica"
"GK","Esteban Alvarado","Apr 28, 1989","Herediano","Costa Rica"
"GK","Patrick Sequeira","Mar 1, 1999","Lugo","Costa Rica"
"DF","Francisco Calvo","Jul 8, 1992","Konyaspor","Costa Rica"
"DF","Bryan Oviedo","Feb 18, 1990","Real Salt Lake","Costa Rica"
"DF","Oscar Duarte","Jun 3, 1989","Al-Wehda","Costa Rica"
"DF","Kendall Waston","Jan 1, 1988","Aprissa","Costa Rica"
"DF","Ronald Matarrita","Jul 9, 1994","Cincinnati","Costa Rica"
"DF","Keysher Fuller","Jul 12, 1994","Herediano","Costa Rica"
"DF","Juan Pablo Vargas","Jun 6, 1995","Millonarios","Costa Rica"
"DF","Carlos Martinez","Mar 30, 1999","San Carlos","Costa Rica"
"MF","Celso Borges","May 27, 1988","Alajuelense","Costa Rica"
"MF","Bryan Ruiz","Aug 18, 1985","Alajuelense","Costa Rica"
"MF","Yeltsin Tejeda","Mar 17, 1992","Herediano","Costa Rica"
"MF","Gerson Torres","Aug 28, 1997","Herediano","Costa Rica"
"MF","Jewison Bennette","Jun 15, 2004","Sunderland","Costa Rica"
"MF","Daniel Chacon","Apr 11, 2001","Colorado Rapids","Costa Rica"
"MF","Youstin Salas","Jun 17, 1996","Saprissa","Costa Rica"
"MF","Roan Wilson","May 1, 2002","Municipal Grecia","Costa Rica"
"MF","Brandon Aguilera","Jun 28, 2003","Nottingham Forest","Costa Rica"
"MF","Douglas Lopez","Sep 21, 1998","Herediano","Costa Rica"
"MF","Anthony Hernandez","Oct 11, 2001","Puntarenas","Costa Rica"
"MF","Alvaro Zamora","Mar 9, 2002","Saprissa","Costa Rica"
"FW","Joel Campbell","Jun 26, 1992","Leon","Costa Rica"
"FW","Johan Venegas","Nov 27, 1988","Alajuelense","Costa Rica"
"FW","Anthony Contreras","Jan 29, 2000","Herediano","Costa Rica"
"GK","Manuel Neuer","Mar 27, 1986","Bayern Munich","Germany"
"GK","Marc-Andre ter Stegen","Apr 30, 1992","Barcelona","Germany"
"GK","Kevin Trapp","Jul 8, 1990","Eintracht Frankfurt","Germany"
"DF","Antonio Rudiger","Mar 3, 1993","Real Madrid","Germany"
"DF","Matthias Ginter","Jan 18, 1994","Freiburg","Germany"
"DF","Niklas Sule","Sep 3, 1995","Borussia Dortmund","Germany"
"DF","Thilo Kehrer","Sep 21, 1996","West Ham","Germany"
"DF","Lukas Klostermann","Jun 3, 1996","RB Leipzig","Germany"
"DF","David Raum","Apr 22, 1998","RB Leipzig","Germany"
"DF","Christian Gunter","Feb 28, 1993","Freiburg","Germany"
"DF","Nico Schlotterbeck","Dec 1, 1999","Borussia Dortmund","Germany"
"DF","Armel Bella-Kotchap","Dec 11, 2001","Southampton","Germany"
"MF","Joshua Kimmich","Feb 8, 1995","Bayern Munich","Germany"
"MF","Mario Gotze","Jun 3, 1992","Eintracht Frankfurt","Germany"
"MF","Ilkay Gundogan","Oct 24, 1990","Manchester City","Germany"
"MF","Leon Goretzka","Feb 6, 1995","Bayern Munich","Germany"
"MF","Julian Brandt","May 2, 1996","Borussia Dortmund","Germany"
"MF","Kai Havertz","Jun 11, 1999","Chelsea","Germany"
"MF","Jamal Musiala","Feb 26, 2003","Bayern Munich","Germany"
"MF","Jonas Hofmann","Jul 14, 1992","Borussia Monchengladbach","Germany"
"FW","Thomas Muller","Sep 13, 1989","Bayern Munich","Germany"
"FW","Leroy Sane","Jan 11, 1996","Bayern Munich","Germany"
"FW","Serge Gnabry","Jul 14, 1995","Bayern Munich","Germany"
"FW","Karim Adeyemi","Jan 18, 2002","Borussia Dortmund","Germany"
"FW","Niclas Fullkrug","Feb 9, 1993","Werder Bremen","Germany"
"FW","Youssoufa Moukoko","Nov 20, 2004","Borussia Dortmund","Germany"
"GK","Eiji Kawashima","Mar 20, 1983","Strasbourg","Japan"
"GK","Shuichi Gonda","Mar 3, 1989","Shimizu S-Pulse","Japan"
"GK","Daniel Schmidt","Feb 3, 1992","Sint-Truiden","Japan"
"DF","Miki Yamane","Dec 22, 1993","Kawasaki Frontale","Japan"
"DF","Shogo Taniguchi","Jul 15, 1991","Kawasaki Frontale","Japan"
"DF","Ko Itakura","Jan 27, 1997","Borussia Monchengladbach","Japan"
"DF","Yuto Nagatomo","Sep 12, 1986","Tokyo","Japan"
"DF","Takehiro Tomiyasu","Nov 5, 1998","Arsenal","Japan"
"DF","Hiroki Sakai","Apr 12, 1990","Urawa Red Diamonds","Japan"
"DF","Maya Yoshida","Aug 24, 1988","Schalke","Japan"
"DF","Hiroki Ito","May 12, 1999","Stuttgart","Japan"
"MF","Wataru Endo","Feb 9, 1993","Stuttgart","Japan"
"MF","Gaku Shibasaki","May 28, 1992","Leganes","Japan"
"MF","Ritsu Doan","Jun 16, 1998","Freiburg","Japan"
"MF","Kaoru Mitoma","May 20, 1997","Brighton","Japan"
"MF","Takumi Minamino","Jan 16, 1995","Monaco","Japan"
"MF","Takefusa Kubo","Jun 4, 2001","Real Sociedad","Japan"
"MF","Hidemasa Morita","May 10, 1995","Sporting","Japan"
"MF","Junya Ito","Mar 9, 1993","Reims","Japan"
"MF","Daichi Kamada","Nov 5, 1996","Eintracht Frankfurt","Japan"
"MF","Ao Tanaka","Sep 10, 1998","Fortuna Dusseldorf","Japan"
"MF","Yuki Soma","Feb 25, 1997","Nagoya Grampus","Japan"
"FW","Takuma Asano","Nov 10, 1994","Bochum","Japan"
"FW","Shuto Machino","Sep 30, 1999","Shonan Bellmare","Japan"
"FW","Ayase Ueda","Aug 28, 1998","Cercle Brugge","Japan"
"FW","Daizen Maeda","Oct 20, 1997","Celtic","Japan"
"GK","Thibaut Courtois","May 11, 1992","Real Madrid","Belgium"
"GK","Simon Mignolet","Mar 6, 1988","Club Brugge","Belgium"
"GK","Koen Casteels","Jun 25, 1992","Wolfsburg","Belgium"
"DF","Toby Alderweireld","Mar 2, 1989","Antwerp","Belgium"
"DF","Arthur Theate","May 25, 2000","Rennes","Belgium"
"DF","Zeno Debast","Oct 24, 2003","Anderlecht","Belgium"
"DF","Jan Vertonghen","Apr 24, 1987","Anderlecht","Belgium"
"DF","Wout Faes","Apr 3, 1998","Leicester City","Belgium"
"DF","Timothy Castagne","Dec 5, 1995","Leicester","Belgium"
"DF","Thomas Meunier","Sep 12, 1991","Borussia Dortmund","Belgium"
"MF","Thorgan Hazard","Mar 29, 1993","Borussia Dortmund","Belgium"
"MF","Kevin De Bruyne","Jun 28, 1991","Manchester City","Belgium"
"MF","Yannick Carrasco","Sep 4, 1993","Atletico Madrid","Belgium"
"MF","Leander Dendoncker","Apr 15, 1995","Aston Villa","Belgium"
"MF","Amadou Onana","Aug 16, 2001","Everton","Belgium"
"MF","Youri Tielemans","May 7, 1997","Leicester City","Belgium"
"MF","Hans Vanaken","Aug 24, 1992","Club Brugge","Belgium"
"MF","Axel Witsel","Jan 12, 1989","Atletico Madrid","Belgium"
"MF","Charles De Ketelaere","Mar 10, 2001","AC Milan","Belgium"
"FW","Jeremy Doku","May 27, 2002","Rennes","Belgium"
"FW","Eden Hazard","Jan 7, 1991","Real Madrid","Belgium"
"FW","Dries Mertens","May 6, 1987","Galatasaray","Belgium"
"FW","Leandro Trossard","Dec 4, 1994","Brighton","Belgium"
"FW","Michy Batshuayi","Oct 2, 1993","Fenerbahce","Belgium"
"FW","Lois Openda","Feb 16, 2000","Lens","Belgium"
"FW","Romelu Lukaku","May 13, 1993","Inter","Belgium"
"GK","James Paternis","Feb 21, 1997",NA,"Canada"
"GK","Milan Borjan","Oct 23, 1987",NA,"Canada"
"GK","Dayne St Clair","May 9, 1997",NA,"Canada"
"DF","Alistair Johnson","Oct 8, 1998",NA,"Canada"
"DF","Sam Adekugbe","Jan 16, 1995",NA,"Canada"
"DF","Kamal Miller","May 16, 1997",NA,"Canada"
"DF","Steven Vitória","Jan 11, 1987",NA,"Canada"
"DF","Richie Laryea","Jan 7, 1995",NA,"Canada"
"DF","Derek Cornelius","Nov 25, 1997",NA,"Canada"
"DF","Joel Waterman","Jan 24, 1996",NA,"Canada"
"MF","Samuel Piette","Nov 12, 1994",NA,"Canada"
"MF","Stephen Eustaquio","Dec 21, 1996",NA,"Canada"
"MF","Atiba Hutchinson","Feb 8, 1983",NA,"Canada"
"MF","Mark-Anthony Kaye","Dec 4, 1994",NA,"Canada"
"MF","Jonathan Osorio","Jun 12, 1992",NA,"Canada"
"MF","David Wotherspoon","Jan 16, 1990",NA,"Canada"
"MF","Liam Fraser","Feb 13, 1998",NA,"Canada"
"MF","Ismael Kone","Jun 6, 2002",NA,"Canada"
"FW","Lucas Cavallini","Dec 28, 1992",NA,"Canada"
"FW","Junior Hoilett","Jun 5, 1990",NA,"Canada"
"FW","Tajon Buchanan","Feb 8, 1999",NA,"Canada"
"FW","Cyle Larin","Apr 17, 1995",NA,"Canada"
"FW","Alphonso Davies","Nov 2, 2000",NA,"Canada"
"FW","Jonathan David","Jan 14, 2000",NA,"Canada"
"FW","Liam Millar","Sep 27, 1999",NA,"Canada"
"FW","Ike Ugbo","Sep 21, 1998",NA,"Canada"
"GK","Yassine Bounou","Apr 5, 1991","Sevilla","Morocco"
"GK","Munir Mohamedi","May 10, 1989","Al Wehda","Morocco"
"GK","Ahmed Reda Tagnaouti","Apr 5, 1996","Wydad AC","Morocco"
"DF","Achraf Hakimi","Nov 4, 1998","PSG","Morocco"
"DF","Noussair Mazraoui","Nov 14, 1997","Bayern Munich","Morocco"
"DF","Nayef Aguerd","Mar 30, 1996","West Ham","Morocco"
"DF","Roman Saiss","Mar 26, 1990","Besiktas","Morocco"
"DF","Achraf Dari","May 6, 1999","Brest","Morocco"
"DF","Yahia Attiyat Allah","Mar 2, 1995","Wydad AC","Morocco"
"DF","Badr Benoun","Sep 30, 1993","Qatar SC","Morocco"
"DF","Jawad El Yamiq","Feb 29, 1992","Valladolid","Morocco"
"MF","Sofyan Amrabat","Aug 21, 1996","Fiorentina","Morocco"
"MF","Abdelhamid Sabiri","Nov 28, 1996","Sampdoria","Morocco"
"MF","Selim Amallah","Nov 15, 1996","Standard Liege","Morocco"
"MF","Azzedine Ounahi","Apr 19, 2000","Angers","Morocco"
"MF","Bilal El Khannous","May 10, 2004","Genk","Morocco"
"MF","Yahya Jabrane","Jun 18, 1991","Wydad AC","Morocco"
"FW","Hakim Ziyech","Mar 19, 1993","Chelsea","Morocco"
"FW","Sofiane Boufal","Sep 17, 1993","Angers","Morocco"
"FW","Zakaria Aboukhlal","Feb 18, 2000","Toulouse","Morocco"
"FW","Amine Harit","Jun 18, 1997","Marseille","Morocco"
"FW","Abde Ezzalzouli","Dec 17, 2001","Osasuna","Morocco"
"FW","Ilias Chair","Oct 30, 1997","QPR","Morocco"
"FW","Youssef En-Nesyri","Jun 1, 1997","Sevilla","Morocco"
"FW","Walid Cheddira","Jan 22, 1998","Bari","Morocco"
"FW","Abderrazak Hamdallah","Dec 17, 1990","Al-Ittihad","Morocco"
"GK","Dominik Livakovic","Jan 9, 1995","Dinamo Zagreb","Croatia"
"GK","Ivica Ivusic","Feb 1, 1995","Osijek","Croatia"
"GK","Ivo Grbic","Jan 18, 1996","Atletico Madrid","Croatia"
"DF","Domagoj Vida","Apr 29, 1989","AEK Athens","Croatia"
"DF","Dejan Lovren","Jul 5, 1989","Zenit","Croatia"
"DF","Borna Barisic","Nov 10, 1992","Rangers","Croatia"
"DF","Josip Juranovic","Aug 16, 1995","Celtic","Croatia"
"DF","Borna Sosa","Jan 21, 1998","Stuttgart","Croatia"
"DF","Josko Gvardiol","Jan 23, 2002","RB Leipzig","Croatia"
"DF","Josip Stanisic","Apr 2, 2000","Bayern Munich","Croatia"
"DF","Martin Erlic","Jan 24, 1998","Sassuolo","Croatia"
"DF","Josip Sutalo","Feb 28, 2000","Dinamo Zagreb","Croatia"
"MF","Luka Modric","Sep 9, 1985","Real Madrid","Croatia"
"MF","Mateo Kovacic","May 6, 1994","Chelsea","Croatia"
"MF","Marcelo Brozovic","Nov 16, 1992","Inter","Croatia"
"MF","Mario Pasalic","Feb 9, 1995","Atalanta","Croatia"
"MF","Nikola Vlasic","Oct 4, 1997","Torino","Croatia"
"MF","Lovro Majer","Jan 17, 1998","Rennes","Croatia"
"MF","Kristijan Jakic","May 14, 1997","Eintracht Frankfurt","Croatia"
"MF","Luka Sucic","Sep 8, 2002","Red Bull Salzburg","Croatia"
"FW","Ivan Perisic","Feb 2, 1989","Tottenham","Croatia"
"FW","Andrej Kramaric","Jun 19, 1991","Hoffenheim","Croatia"
"FW","Bruno Petkovic","Sep 16, 1997","Dinamo Zagreb","Croatia"
"FW","Mislav Orsic","Dec 29, 1992","Dinamo Zagreb","Croatia"
"FW","Ante Budimir","Jul 22, 1991","Osasuna","Croatia"
"FW","Marko Livaja","Aug 26, 1993","Hajduk Split","Croatia"
"GK","Alisson","Oct 2, 1992","Liverpool","Brazil"
"GK","Ederson","Aug 17, 1993","Manchester City","Brazil"
"GK","Weverton","Dec 13, 1987","Palmeiras","Brazil"
"DF","Dani Alves","May 6, 1983","UNAM","Brazil"
"DF","Thiago Silva","Sep 22, 1984","Chelsea","Brazil"
"DF","Marquinhos","May 14, 1994","PSG","Brazil"
"DF","Danilo","Jul 15, 1991","Juventus","Brazil"
"DF","Alex Sandro","Jan 26, 1991","Juventus","Brazil"
"DF","Eder Militao","Jan 18, 1998","Real Madrid","Brazil"
"DF","Alex Telles","Dec 15, 1992","Sevilla","Brazil"
"DF","Bremer","Mar 18, 1997","Juventus","Brazil"
"MF","Casemiro","Feb 23, 1992","Manchester United","Brazil"
"MF","Lucas Paqueta","Aug 27, 1997","West Ham","Brazil"
"MF","Fabinho","Oct 23, 1993","Liverpool","Brazil"
"MF","Fred","Mar 5, 1993","Manchester United","Brazil"
"MF","Everton Ribeiro","Apr 10, 1989","Flamengo","Brazil"
"MF","Bruno Guimaraes","Nov 16, 1997","Newcastle United","Brazil"
"FW","Neymar","Feb 5, 1992","PSG","Brazil"
"FW","Gabriel Jesus","Apr 3, 1997","Arsenal","Brazil"
"FW","Richarlison","May 10, 1997","Tottenham","Brazil"
"FW","Vinicius Jr","Jul 12, 2000","Real Madrid","Brazil"
"FW","Antony","Feb 24, 2000","Manchester United","Brazil"
"FW","Raphinha","Dec 14, 1996","Barcelona","Brazil"
"FW","Rodrygo","Jan 9, 2001","Real Madrid","Brazil"
"FW","Gabriel Matinelli","Jun 18, 2001","Arsenal","Brazil"
"FW","Pedro","Jun 20, 1997","Flamengo","Brazil"
"GK","Marko Dmitrovic","January 24, 1992","Sevilla","Serbia"
"GK","Vanja Milinkovic-Savic","February 20, 1997","Torino","Serbia"
"GK","Predrag Rajkovic","October 31, 1995","Mallorca","Serbia"
"DF","Stefan Mitrovic","May 22, 1990","Getafe","Serbia"
"DF","Filip Mladenovic","August 15, 1991","Legia Warsaw","Serbia"
"DF","Strahinja Pavlovic","May 24, 2001","Salzburg","Serbia"
"DF","Milos Veljkovic","September 26, 1995","Werder Bremen","Serbia"
"DF","Strahinja Erakovic","January 22, 2001","Red Star Belgrade","Serbia"
"DF","Srdan Babic","April 22, 1996","Almeria","Serbia"
"DF","Nikola Milenkovic","October 12, 1997","Fiorentina","Serbia"
"MF","Nemanja Gudelj","November 16, 1991","Sevilla","Serbia"
"MF","Filip Kostic","November 1, 1992","Juventus","Serbia"
"MF","Nemanja Maksimovic","January 26, 1995","Getafe","Serbia"
"MF","Sergej Milinkovic-Savic","February 27, 1995","Lazio","Serbia"
"MF","Sasa Lukic","August 13, 1996","Torino","Serbia"
"MF","Andrija Zivkovic","July 11, 1996","PAOK","Serbia"
"MF","Uros Racic","March 17, 1998","Braga","Serbia"
"MF","Ivan Ilic","March 17, 2001","Verona","Serbia"
"MF","Darko Lazovic","September 15, 1990","Verona","Serbia"
"MF","Marko Grujic","April 13, 1996","Porto","Serbia"
"FW","Aleksandr Mitrovic","September 16, 1994","Fulham","Serbia"
"FW","Luka Jovic","December 23, 1997","Fiorentina","Serbia"
"FW","Dusan Vlahovic","January 28, 2000","Juventus","Serbia"
"FW","Nemanja Radonjic","February 15, 1996","Torino","Serbia"
"FW","Filip Duricic","January 30, 1992","Sampdoria","Serbia"
"FW","Dusan Tadic","November 20, 1988","Ajax","Serbia"
"GK","Yann Sommer","Dec 17, 1988","Borussia Monchengladbach","Switzerland"
"GK","Jonas Omlin","Jan 10, 1994","Montpellier","Switzerland"
"GK","Gregor Kobel","Dec 6, 1997","Borussia Dortmund","Switzerland"
"GK","Philipp Kohn","Apr 2, 1998","Red Bull Salzburg","Switzerland"
"DF","Ricardo Rodriguez","Aug 25, 1992","Torino","Switzerland"
"DF","Fabian Schar","Dec 20, 1991","Newcastle United","Switzerland"
"DF","Manuel Akanji","Jul 19, 1995","Manchester City","Switzerland"
"DF","Nico Elvedi","Sep 30, 1996","Borussia Monchengladbach","Switzerland"
"DF","Silvan Widmer","Mar 5, 1993","Mainz","Switzerland"
"DF","Eray Comert","Feb 4, 1998","Valencia","Switzerland"
"MF","Xherdan Shaqiri","Oct 10, 1991","Chicago Fire","Switzerland"
"MF","Granit Xhaka","Sep 27, 1992","Arsenal","Switzerland"
"MF","Remo Freuler","Apr 15, 1992","Nottingham Forest","Switzerland"
"MF","Denis Zakaria","Nov 20, 1996","Chelsea","Switzerland"
"MF","Djibril Sow","Feb 6, 1997","Eintracht Frankfurt","Switzerland"
"MF","Renato Steffen","Nov 3, 1991","Lugano","Switzerland"
"MF","Edimilson Fernandes","Apr 15, 1996","Mainz","Switzerland"
"MF","Fabian Frei","Jan 8, 1989","Basel","Switzerland"
"MF","Michel Aebischer","Jan 6, 1997","Bologna","Switzerland"
"MF","Ardon Jashari","Jun 30, 2002","Luzern","Switzerland"
"MF","Fabian Rieder","Feb 16, 2002","Young Boys","Switzerland"
"FW","Haris Seferovic","Feb 22, 1992","Galatasaray","Switzerland"
"FW","Breel Embolo","Feb 14, 1997","Monaco","Switzerland"
"FW","Ruben Vargas","Aug 5, 1998","Augsburg","Switzerland"
"FW","Christian Fassnacht","Nov 11, 1993","Young Boys","Switzerland"
"FW","Noah Okafor","May 24, 2000","Red Bull Salzburg","Switzerland"
"GK","Andre Onana","Apr 2, 1996","Inter","Cameroon"
"GK","Davis Epassy","Feb 2, 1993","Abha","Cameroon"
"GK","Simon Ngapandouetnbu","Apr 12, 1993","Marseille","Cameroon"
"DF","Jean-Charles Castelletto","Jan 26, 1995","Nantes","Cameroon"
"DF","Enzo Ebosse","Mar 11, 1999","Udinese","Cameroon"
"DF","Collins Fai","Aug 13, 1992","Al-Tai","Cameroon"
"DF","Olivier Mbaizo","Aug 15, 1997","Philadelphia Union","Cameroon"
"DF","Nouhou Tolo","Jun 23, 1997","Seattle Sounders","Cameroon"
"DF","Nicolas Nkoulou","Mar 27, 1990","Aris","Cameroon"
"DF","Christopher Wooh","Sept 18, 2001","Rennes","Cameroon"
"MF","Olivier Ntcham","Feb 9, 1996","Swansea City","Cameroon"
"MF","Gael Ondoua","Nov 4, 1995","Hannover","Cameroon"
"MF","Martin Hongla","Mar 16, 1998","Verona","Cameroon"
"MF","Pierre Kunde","Jul 26, 1995","Olympiacos","Cameroon"
"MF","Samuel Gouet","Dec 14, 1997","Mechelen","Cameroon"
"MF","Andre-Frank Zambo Anguissa","Nov 16, 1995","Napoli","Cameroon"
"MF","Jerome Ngom","Sept 30, 1998","San Diego Loyal SC","Cameroon"
"FW","Moumi Ngamaleu","Jul 9, 1994","Dynamo Moscow","Cameroon"
"FW","Christian Bassogog","Oct 18, 1995","Shanghai Shenhua","Cameroon"
"FW","Bryan Mbeumo","Aug 7, 1995","Brentford","Cameroon"
"FW","Georges-Kevin Nkoudou","Feb 13, 1995","Besiktas","Cameroon"
"FW","Jean-Pierre Nsame","May 1, 1993","Young Boys","Cameroon"
"FW","Vincent Aboubakar","Jan 22, 1992","Al-Nassr","Cameroon"
"FW","Karl Toko Ekambi","Sep 14, 1992","Lyon","Cameroon"
"FW","Eric Maxim Choupo-Moting","Mar 23, 1989","Bayern Munich","Cameroon"
"FW","Souaibou Marou","Dec 3, 2000","Coton Sport de Garoua","Cameroon"
"GK","Diogo Costa","September 19, 1999","Porto","Portugal"
"GK","Rui Patricio","February 15, 1988","Roma","Portugal"
"GK","Jose Sa","January 17, 1993","Wolves","Portugal"
"DF","Diogo Dalot","March 18, 1999","Manchester United","Portugal"
"DF","Danilo Pereira","September 9, 1991","PSG","Portugal"
"DF","Pepe","February 26, 1983","Porto","Portugal"
"DF","Ruben Dias","May 14, 1997","Manchester City","Portugal"
"DF","Antonio Silva","30 October, 2003","Benfica","Portugal"
"DF","Nuno Mendes","June 19, 2002","PSG","Portugal"
"DF","Joao Cancelo","May 27, 1994","Manchester City","Portugal"
"DF","Raphael Guerreiro","December 22, 1993","Borussia Dortmund","Portugal"
"MF","Joao Palhinha","July 9, 1995","Fulham","Portugal"
"MF","Ruben Neves","March 13, 1997","Wolves","Portugal"
"MF","Bernardo Silva","August 10, 1994","Manchester City","Portugal"
"MF","Bruno Fernandes","September 8, 1994","Manchester United","Portugal"
"MF","Joao Mario","January 19, 1993","Benfica","Portugal"
"MF","Matheus Nunes","August 27, 1998","Wolves","Portugal"
"MF","Otavio","February 9, 1995","Porto","Portugal"
"MF","William Carvalho","April 7, 1992","Real Betis","Portugal"
"MF","Vitinha","February 13, 2000","PSG","Portugal"
"FW","Andre Silva","November 6, 1995","RB Leipzig","Portugal"
"FW","Cristiano Ronaldo","February 5, 1985","Manchester United","Portugal"
"FW","Goncalo Ramos","June 20, 2001","Benfica","Portugal"
"FW","Joao Felix","November 10, 1999","Atletico Madrid","Portugal"
"FW","Rafael Leao","June 10, 1999","AC Milan","Portugal"
"FW","Ricardo Horta","September 15, 1994","SC Braga","Portugal"
"GK","Manaf Nurudeen","Feb 8, 1999","Eupen","Ghana"
"GK","Danlad Ibrahim","Dec 2, 2002","Asante Kotoko","Ghana"
"GK","Lawrence Ati Zigi","Nov 29, 1996","St. Gellen","Ghana"
"DF","Denis Odoi","May 27, 1988","Club Brugge","Ghana"
"DF","Tariq Lamptey","September 30, 2000","Brighton","Ghana"
"DF","Alidu Seidu","Jun 4, 2000","Clermont","Ghana"
"DF","Daniel Amartey","Dec 21, 1994","Leicester City","Ghana"
"DF","Joseph Aidoo","Sep 29, 1995","Celta Vigo","Ghana"
"DF","Alexander Djiku","Aug 9, 1994","Strasbourg","Ghana"
"DF","Mohammed Salisu","Apr 17, 1999","Southampton","Ghana"
"DF","Abdul-Rahman Baba","Jul 2, 1994","Reading","Ghana"
"DF","Gideon Mensah","Jul 18, 1998","Auxerre","Ghana"
"MF","Andre Ayew","Dec 17, 1989","Al-Sadd","Ghana"
"MF","Thomas Partey","Jun 13, 1993","Arsenal","Ghana"
"MF","Elisha Owusu","Nov 7, 1997","Gent","Ghana"
"MF","Salis Abdul Samed","Mar 26, 2000","Lens","Ghana"
"MF","Mohammed Kudus","Aug 2, 2000","Ajax","Ghana"
"MF","Daniel Kofi Kyereh","Mar 9, 1996","SC Freiburg","Ghana"
"FW","Daniel Barnieh Afriyie","Jun 26, 2001","Hearts of Oak","Ghana"
"FW","Kamal Sowah","Jan 9, 2000","Club Brugge","Ghana"
"FW","Issahaku Abdul Fatawu","Mar 8, 2004","Sporting CP","Ghana"
"FW","Osman Bukari","Dec 13, 1998","Red Star Belgrade","Ghana"
"FW","Inaki Williams","Jun 15, 1994","Athletic Club","Ghana"
"FW","Antoine Semenyo","Jan 7, 2000","Bristol City","Ghana"
"FW","Jordan Ayew","Sep 11, 1991","Crystal Palace","Ghana"
"FW","Kamaldeen Sulemana","Feb 15, 2002","Rennes","Ghana"
"GK","Fernando Muslera","June 16, 1986","Galatasaray","Uruguay"
"GK","Sergio Rochet","March 23, 1993","Nacional","Uruguay"
"GK","Sebastian Sosa","August 19, 1986","Independiente","Uruguay"
"DF","Ronald Araujo","March 7, 1999","Barcelona","Uruguay"
"DF","Martin Caceres","April 7, 1987","La Galaxy","Uruguay"
"DF","Sebastian Coates","October 7, 1990","Sporting CP","Uruguay"
"DF","Jose Maria Gimenez","January 20, 1995","Atletico Madrid","Uruguay"
"DF","Diego Godin","February 16, 1986","Velez Sarsfield","Uruguay"
"DF","Mathias Olivera","October 31, 1997","Napoli","Uruguay"
"DF","Jose Luis Rodriguez","March 14, 1997","Nacional","Uruguay"
"DF","Matias Vina","November 9, 1997","Roma","Uruguay"
"DF","Guillermo Varela","March 24, 1993","Flamengo","Uruguay"
"MF","Matias Vecino","August 24, 1991","Lazio","Uruguay"
"MF","Rodrigo Bentancur","June 25, 1997","Tottenham Hotspur","Uruguay"
"MF","Federico Valverde","July 22, 1998","Real Madrid","Uruguay"
"MF","Giorgian de Arrascaeta","June 1, 1994","Flamengo","Uruguay"
"MF","Lucas Torreira","February 11, 1996","Galatasaray","Uruguay"
"MF","Nicolas de la Cruz","June 1, 1997","River Plate","Uruguay"
"MF","Manuel Ugarte","April 11, 2001","Sporting CP","Uruguay"
"FW","Luis Suarez","January 24, 1987","Nacional","Uruguay"
"FW","Edinson Cavani","February 14, 1987","Valencia","Uruguay"
"FW","Maxi Gomez","August 14, 1996","Trabzonspor","Uruguay"
"FW","Darwin Nunez","June 24, 1999","Liverpool","Uruguay"
"FW","Facundo Pellistri","December 20, 2001","Manchester United","Uruguay"
"FW","Agustin Canobbio","October 1, 1998","Athletico Paranaense","Uruguay"
"GK","Kim Seung-gyu","September 30, 1990","Al Shabab","South Korea"
"GK","Jo Hyeon-woon","September 25, 1991","Ulsan Hyundai","South Korea"
"GK","Song Bum-keun","October 15, 1997","Jeonbuk Hyundai Motors","South Korea"
"DF","Kim Min-jae","November 15, 1996","Napoli","South Korea"
"DF","Kim Jin-su","June 13, 1992","Jeonbuk Hyundai Motors","South Korea"
"DF","Hong Chul","September 17, 1990","Daegu FC","South Korea"
"DF","Kim Moon-hwan","August 1, 1995","Jeonbuk Hyundai Motors","South Korea"
"DF","Yoon Jong-gyu","March 20, 1998","FC Seoul","South Korea"
"DF","Kim Young-gwon","February 27, 1990","Ulsan Hyundai","South Korea"
"DF","Kim Tae-hwan","July 24, 1989","Ulsan Hyundai","South Korea"
"DF","Kwon Kyung-won","January 31, 1992","Gamba Osaka","South Korea"
"DF","Cho Yu-min","November 17, 1996","Daejon Citizen","South Korea"
"MF","Jung Woo-young","

December 14, 1989

","Al Sadd","South Korea"
"MF","Na Sang-ho","August 12, 1996","FC Seoul","South Korea"
"MF","Paik Seung-ho","March 17, 1997","Jeonbuk Hyundai Motors","South Korea"
"MF","Son Jun-ho","May 12, 1992","Shandong Taishan","South Korea"
"MF","Song Min-kyu","September 12, 1999","Jeonbuk Hyundai Motors","South Korea"
"MF","Kwon Chang-hoon","June 30, 1994","Gimcheon Sangmu","South Korea"
"MF","Lee Jae-sung","August 10, 1992","Mainz","South Korea"
"MF","Hwang In-beom","September 20, 1996","Olympiacos","South Korea"
"MF","Lee Kang-in","February 19, 2001","Mallorca","South Korea"
"FW","Son Heung-min","July 8, 1992","Tottenham Hotspur","South Korea"
"FW","Hwang Hee-chan","January 26, 1996","Wolverhampton Wanderers","South Korea"
"FW","Jeong Woo-yeong","September 20, 1999","Freiburg","South Korea"
"FW","Hwang Ui-jo","August 28, 1992","Olympiacos","South Korea"
"FW","Cho Gue-sung","January 25, 1998","Jeonbuk Hyundai Motors","South Korea"
